Date,Request By,Quantity Requested,Use Case,Product Category,Product Name,Product Variant,Product Brand,Product Model,Product Size,Product Price,Product Hyperlink
1/1/2024,,2,Cold Weather,Personal Protective Equipment,Hi-Vis Sweatshirt,Men,,,Small,,
1/1/2024,,2,Cold Weather,Personal Protective Equipment,Hi-Vis Sweatshirt,Men,,,Medium,,
1/1/2024,,2,Cold Weather,Personal Protective Equipment,Hi-Vis Sweatshirt,Men,,,Large,,
1/1/2024,,2,Cold Weather,Personal Protective Equipment,Hi-Vis Winter Coat,Men,,,Small,,
1/1/2024,,2,Cold Weather,Personal Protective Equipment,Hi-Vis Winter Coat,Men,,,Medium,,
1/1/2024,,2,Cold Weather,Personal Protective Equipment,Hi-Vis Winter Coat,Men,,,Large,,
10/9/2024,Portia Senior,2,Cold Weather,Personal Protective Equipment,Hi-Vis Rain Coat,Men,,,Small,,
10/9/2024,Portia Senior,2,Cold Weather,Personal Protective Equipment,Hi-Vis Rain Coat,Men,,,Medium,,
10/9/2024,Portia Senior,2,Cold Weather,Personal Protective Equipment,Hi-Vis Rain Coat,Men,,,Large,,
10/9/2024,Portia Senior,2,Cold Weather,Personal Protective Equipment,Hi-Vis Rain Coat,Men,,,Large,,